red,green,blue
1,0,3
1,0,4
2,1,5
2,1,7
3,2,8
3,2,10
4,3,11
5,3,13
5,4,14
6,4,16
6,5,17
7,5,19
7,6,20
8,7,22
9,7,23
9,8,25
10,8,26
10,9,28
11,9,29
11,10,31
12,10,32
13,11,34
13,11,35
14,12,36
14,13,38
15,13,39
15,14,41
16,14,42
17,15,44
17,15,45
18,16,47
18,16,48
19,17,50
19,17,51
20,18,53
22,19,54
23,20,56
24,21,57
25,22,59
26,23,61
27,23,62
29,24,64
30,25,65
31,26,67
32,27,68
33,28,70
34,29,71
35,30,73
37,30,74
38,31,76
39,32,77
40,33,79
41,34,81
42,35,82
43,36,84
45,36,85
46,37,87
47,38,88
48,39,90
49,40,91
50,41,93
51,42,94
53,43,96
54,43,97
55,44,99
56,45,101
57,46,102
58,47,104
60,48,105
60,49,107
60,50,108
59,51,110
59,52,111
58,54,113
58,55,114
57,56,116
57,58,117
56,59,119
56,60,120
55,61,122
54,63,123
54,64,125
53,65,126
53,66,128
52,68,129
52,69,131
51,70,132
51,71,134
50,73,135
50,74,137
49,75,138
48,76,140
48,78,141
47,79,143
47,80,144
46,82,146
46,83,147
45,84,149
45,85,150
44,87,152
44,88,153
43,89,155
42,90,156
42,92,158
41,93,159
41,94,161
40,95,162
40,97,164
39,98,165
39,99,167
38,100,168
38,102,170
37,103,171
36,104,173
36,106,174
36,107,176
36,108,177
36,109,178
37,111,180
37,112,181
38,113,182
38,115,184
38,116,185
39,117,186
39,118,188
40,120,189
40,121,190
40,122,192
41,123,193
41,125,194
41,126,195
42,127,197
42,129,198
43,130,199
43,131,201
43,132,202
44,134,203
44,135,205
45,136,206
45,138,207
45,139,209
46,140,210
46,141,211
47,143,212
47,144,214
47,145,215
48,147,216
48,148,218
49,149,219
49,150,220
49,152,222
50,153,223
50,154,224
51,156,226
54,156,225
57,156,225
61,156,225
64,156,225
68,156,225
71,156,225
75,156,225
78,156,225
81,156,225
85,156,225
88,157,225
92,157,225
95,157,225
99,157,224
102,157,224
105,157,224
109,157,224
112,157,224
116,157,224
119,157,224
123,158,224
126,158,224
129,158,224
133,158,224
136,158,224
140,158,224
143,158,224
147,158,223
150,158,223
153,158,223
157,159,223
160,159,223
164,159,223
167,159,223
171,159,223
174,159,223
177,159,223
181,159,223
184,159,223
188,159,223
191,160,222
192,160,222
194,161,221
196,162,220
197,162,219
199,163,219
200,163,218
202,164,217
203,165,216
205,165,216
207,166,215
208,167,214
210,167,213
211,168,213
213,169,212
214,169,211
216,170,210
217,171,209
219,171,209
221,172,208
222,173,207
224,173,206
225,174,206
227,174,205
228,175,204
230,176,203
232,176,203
233,177,202
235,178,201
236,178,200
238,179,200
239,180,199
241,180,198
243,181,197
244,182,197
246,182,196
247,183,196
247,185,197
247,186,198
247,188,199
247,189,200
247,190,201
248,192,202
248,193,203
248,195,204
248,196,205
248,198,206
248,199,207
248,201,208
249,202,209
249,204,210
249,205,211
249,206,212
249,208,213
249,209,214
250,211,215
250,212,216
250,214,217
250,215,218
250,217,219
250,218,220
251,220,222
